{
  "version": "6.0",
  "nxVersion": "20.4.0",
  "pathMappings": {},
  "nxJsonPlugins": [
    {
      "name": "@nx/storybook/plugin",
      "options": {
        "serveStorybookTargetName": "storybook",
        "buildStorybookTargetName": "build-storybook",
        "testStorybookTargetName": "test-storybook",
        "staticStorybookTargetName": "static-storybook"
      }
    }
  ],
  "fileMap": {
    "nonProjectFiles": [
      {
        "file": ".github/CODE_OF_CONDUCT.md",
        "hash": "7723389349951040514"
      },
      {
        "file": ".github/CONTRIBUTING.md",
        "hash": "10317984842831147197"
      },
      {
        "file": ".github/ISSUE_TEMPLATE.md",
        "hash": "15104193492939989274"
      },
      {
        "file": ".github/ISSUE_TEMPLATE/01_BUG_REPORT.yml",
        "hash": "2588549782933320073"
      },
      {
        "file": ".github/ISSUE_TEMPLATE/02_FAILING_TEST.yml",
        "hash": "11550291208614961214"
      },
      {
        "file": ".github/ISSUE_TEMPLATE/03_DOC_BUG.yml",
        "hash": "7442071605645323306"
      },
      {
        "file": ".github/ISSUE_TEMPLATE/04_FEATURE_REQUEST.yml",
        "hash": "5665917143679406875"
      },
      {
        "file": ".github/ISSUE_TEMPLATE/05_ENHANCEMENT_REQUEST.yml",
        "hash": "8043552100364778673"
      },
      {
        "file": ".github/ISSUE_TEMPLATE/06_SEQUIRTY_REPORT.yml",
        "hash": "1157570191849734435"
      },
      {
        "file": ".github/ISSUE_TEMPLATE/07_Question.yml",
        "hash": "10926055630676251892"
      },
      {
        "file": ".github/ISSUE_TEMPLATE/08_STORY_CREATION.yml",
        "hash": "11142611510713494395"
      },
      {
        "file": ".github/ISSUE_TEMPLATE/09_TASK_CREATION.yml",
        "hash": "5778401383631254698"
      },
      {
        "file": ".github/ISSUE_TEMPLATE/10_APP_CREATION.yml",
        "hash": "6466195213999736759"
      },
      {
        "file": ".github/ISSUE_TEMPLATE/config.yml",
        "hash": "3807722475431710000"
      },
      {
        "file": ".github/PULL_REQUEST_TEMPLATE.md",
        "hash": "12778108252755782997"
      },
      {
        "file": ".github/Project/.gitkeep",
        "hash": "3244421341483603138"
      },
      {
        "file": ".github/SECURITY.md",
        "hash": "12339301634401759605"
      },
      {
        "file": ".github/SUPPORT.md",
        "hash": "2571952293910215108"
      },
      {
        "file": ".github/dependabot.yml",
        "hash": "10454345304293185038"
      },
      {
        "file": ".github/projects.json",
        "hash": "3244421341483603138"
      },
      {
        "file": ".gitignore",
        "hash": "3826441741181636556"
      },
      {
        "file": ".npmrc",
        "hash": "4378610036786837045"
      },
      {
        "file": ".prettierignore",
        "hash": "17085498363870782104"
      },
      {
        "file": ".prettierrc",
        "hash": "6820402234827505055"
      },
      {
        "file": ".vscode/settings.json",
        "hash": "4751849581836916581"
      },
      {
        "file": "README.md",
        "hash": "7726260670326476114"
      },
      {
        "file": "abc.txt",
        "hash": "4674898655195926677"
      },
      {
        "file": "apps/.gitkeep",
        "hash": "3244421341483603138"
      },
      {
        "file": "apps/AIOS/README.md",
        "hash": "2641675925192588265"
      },
      {
        "file": "apps/AIOS/eva/.gitignore",
        "hash": "987422939859577920"
      },
      {
        "file": "apps/AIOS/eva/README.md",
        "hash": "12010170234078373803"
      },
      {
        "file": "apps/AIOS/eva/eslint.config.js",
        "hash": "4591479742904022214"
      },
      {
        "file": "apps/AIOS/eva/index.html",
        "hash": "3523350244501711271"
      },
      {
        "file": "apps/AIOS/eva/package.json",
        "hash": "3927273545553057106"
      },
      {
        "file": "apps/AIOS/eva/postcss.config.js",
        "hash": "8455802489295861447"
      },
      {
        "file": "apps/AIOS/eva/public/data/users.json",
        "hash": "13159052912852496936"
      },
      {
        "file": "apps/AIOS/eva/public/vite.svg",
        "hash": "16046085400642193116"
      },
      {
        "file": "apps/AIOS/eva/src/App.css",
        "hash": "3244421341483603138"
      },
      {
        "file": "apps/AIOS/eva/src/App.tsx",
        "hash": "11107906032419156020"
      },
      {
        "file": "apps/AIOS/eva/src/assets/react.svg",
        "hash": "16069471864800376455"
      },
      {
        "file": "apps/AIOS/eva/src/auth/SignIn.tsx",
        "hash": "9300312835081049154"
      },
      {
        "file": "apps/AIOS/eva/src/auth/SignUp.tsx",
        "hash": "14504359978254160943"
      },
      {
        "file": "apps/AIOS/eva/src/components/layout/AuthLayout.tsx",
        "hash": "17473873646689794881"
      },
      {
        "file": "apps/AIOS/eva/src/components/layout/Footer.tsx",
        "hash": "9512894571003496929"
      },
      {
        "file": "apps/AIOS/eva/src/components/layout/Header.tsx",
        "hash": "17825034536515801821"
      },
      {
        "file": "apps/AIOS/eva/src/components/layout/MiniFooter.tsx",
        "hash": "4812204238997592422"
      },
      {
        "file": "apps/AIOS/eva/src/components/shared/Container.tsx",
        "hash": "11407021701298155552"
      },
      {
        "file": "apps/AIOS/eva/src/contexts/AuthContext.tsx",
        "hash": "1121150161431961260"
      },
      {
        "file": "apps/AIOS/eva/src/dashboard/Dashboard.tsx",
        "hash": "7659006109940593573"
      },
      {
        "file": "apps/AIOS/eva/src/dashboard/Dock.tsx",
        "hash": "15947132869771838060"
      },
      {
        "file": "apps/AIOS/eva/src/dashboard/Manager.tsx",
        "hash": "3728135108789118453"
      },
      {
        "file": "apps/AIOS/eva/src/dashboard/panel/Panel.tsx",
        "hash": "4973269022894056178"
      },
      {
        "file": "apps/AIOS/eva/src/dashboard/panel/components/CenterPanel.tsx",
        "hash": "18057376468387821998"
      },
      {
        "file": "apps/AIOS/eva/src/dashboard/panel/components/DockPanel.tsx",
        "hash": "12519195870061723595"
      },
      {
        "file": "apps/AIOS/eva/src/dashboard/panel/components/LeftPanel.tsx",
        "hash": "11328414082592436250"
      },
      {
        "file": "apps/AIOS/eva/src/dashboard/panel/components/RightPanel.tsx",
        "hash": "4157274777241012349"
      },
      {
        "file": "apps/AIOS/eva/src/dashboard/panel/index.tsx",
        "hash": "7162033522414116355"
      },
      {
        "file": "apps/AIOS/eva/src/index.css",
        "hash": "17115676779936033300"
      },
      {
        "file": "apps/AIOS/eva/src/main.tsx",
        "hash": "1718379431751548352"
      },
      {
        "file": "apps/AIOS/eva/src/pages/home/index.tsx",
        "hash": "16515042596361638216"
      },
      {
        "file": "apps/AIOS/eva/src/services/authService.ts",
        "hash": "4151288969608586564"
      },
      {
        "file": "apps/AIOS/eva/src/vite-env.d.ts",
        "hash": "7856441258253745083"
      },
      {
        "file": "apps/AIOS/eva/tailwind.config.js",
        "hash": "2903504627343630928"
      },
      {
        "file": "apps/AIOS/eva/tsconfig.app.json",
        "hash": "13244971679713983721"
      },
      {
        "file": "apps/AIOS/eva/tsconfig.json",
        "hash": "6462340353808034918"
      },
      {
        "file": "apps/AIOS/eva/tsconfig.node.json",
        "hash": "10449052819967514130"
      },
      {
        "file": "apps/AIOS/eva/vite.config.ts",
        "hash": "3029086163484450841"
      },
      {
        "file": "apps/www/Robin/.gitignore",
        "hash": "987422939859577920"
      },
      {
        "file": "apps/www/Robin/README.md",
        "hash": "6471428582686096395"
      },
      {
        "file": "apps/www/Robin/eslint.config.js",
        "hash": "14295233468073832176"
      },
      {
        "file": "apps/www/Robin/index.html",
        "hash": "3523350244501711271"
      },
      {
        "file": "apps/www/Robin/package.json",
        "hash": "13240613868586183621"
      },
      {
        "file": "apps/www/Robin/postcss.config.js",
        "hash": "11319900991283877021"
      },
      {
        "file": "apps/www/Robin/public/vite.svg",
        "hash": "16046085400642193116"
      },
      {
        "file": "apps/www/Robin/src/App.css",
        "hash": "3021057278408433570"
      },
      {
        "file": "apps/www/Robin/src/App.tsx",
        "hash": "6861933912496600424"
      },
      {
        "file": "apps/www/Robin/src/assets/react.svg",
        "hash": "16069471864800376455"
      },
      {
        "file": "apps/www/Robin/src/index.css",
        "hash": "1937792136229084962"
      },
      {
        "file": "apps/www/Robin/src/main.tsx",
        "hash": "13510059099654403964"
      },
      {
        "file": "apps/www/Robin/src/pages/home.tsx",
        "hash": "12500525137758586997"
      },
      {
        "file": "apps/www/Robin/src/types.d.ts",
        "hash": "3244421341483603138"
      },
      {
        "file": "apps/www/Robin/src/vite-env.d.ts",
        "hash": "7856441258253745083"
      },
      {
        "file": "apps/www/Robin/src/vite.css",
        "hash": "1782742704800548567"
      },
      {
        "file": "apps/www/Robin/tailwind.config.js",
        "hash": "2903504627343630928"
      },
      {
        "file": "apps/www/Robin/tsconfig.app.json",
        "hash": "13244971679713983721"
      },
      {
        "file": "apps/www/Robin/tsconfig.json",
        "hash": "8239238858249580192"
      },
      {
        "file": "apps/www/Robin/tsconfig.node.json",
        "hash": "11719267849545525801"
      },
      {
        "file": "apps/www/Robin/vite.config.ts",
        "hash": "1490015778852850474"
      },
      {
        "file": "apps/www/ZirealInc/.gitkeep",
        "hash": "3244421341483603138"
      },
      {
        "file": "configs/.gitkeep",
        "hash": "3244421341483603138"
      },
      {
        "file": "doc/project.md",
        "hash": "10995881671627441813"
      },
      {
        "file": "doc/setup.md",
        "hash": "10993095598960586264"
      },
      {
        "file": "doc/todo.md",
        "hash": "860314783944676028"
      },
      {
        "file": "nx.json",
        "hash": "3513478636938888669"
      },
      {
        "file": "package.json",
        "hash": "7067592682511650735"
      },
      {
        "file": "packages/test/.gitkeep",
        "hash": "3244421341483603138"
      },
      {
        "file": "pnpm-lock.yaml",
        "hash": "11084811090577421025"
      },
      {
        "file": "pnpm-workspace.yaml",
        "hash": "1669673494175891060"
      },
      {
        "file": "scripts/Monorepo-Setup/REAMDE.md",
        "hash": "17397760800452246796"
      },
      {
        "file": "scripts/Monorepo-Setup/start-monorepo-setup.sh",
        "hash": "5927109191004264011"
      },
      {
        "file": "scripts/git_flow/git_flow/Commands.md",
        "hash": "457086164316631079"
      },
      {
        "file": "scripts/git_flow/git_flow/__init__.py",
        "hash": "4075220025395938963"
      },
      {
        "file": "scripts/git_flow/git_flow/__main__.py",
        "hash": "4479717862292408458"
      },
      {
        "file": "scripts/git_flow/git_flow/cli.py",
        "hash": "10498499422613839366"
      },
      {
        "file": "scripts/git_flow/git_flow/commands/__init__.py",
        "hash": "17914049912674598742"
      },
      {
        "file": "scripts/git_flow/git_flow/commands/base.py",
        "hash": "3635106081693567793"
      },
      {
        "file": "scripts/git_flow/git_flow/commands/branch/__init__.py",
        "hash": "17775304311245265466"
      },
      {
        "file": "scripts/git_flow/git_flow/commands/branch/bugfix.py",
        "hash": "7976088565557644014"
      },
      {
        "file": "scripts/git_flow/git_flow/commands/branch/develop.py",
        "hash": "15538534793979196099"
      },
      {
        "file": "scripts/git_flow/git_flow/commands/branch/feature.py",
        "hash": "702823403860385"
      },
      {
        "file": "scripts/git_flow/git_flow/commands/branch/hotfix.py",
        "hash": "7122140172655348972"
      },
      {
        "file": "scripts/git_flow/git_flow/commands/branch/main.py",
        "hash": "6525643344890978218"
      },
      {
        "file": "scripts/git_flow/git_flow/commands/branch/release.py",
        "hash": "14540663206945090656"
      },
      {
        "file": "scripts/git_flow/git_flow/commands/branch/setup.py",
        "hash": "7092368997538414590"
      },
      {
        "file": "scripts/git_flow/git_flow/commands/branch/support.py",
        "hash": "2010985556218111832"
      },
      {
        "file": "scripts/git_flow/git_flow/commands/branch/task.py",
        "hash": "8538075855545304169"
      },
      {
        "file": "scripts/git_flow/git_flow/commands/issue/__init__.py",
        "hash": "3244421341483603138"
      },
      {
        "file": "scripts/git_flow/git_flow/commands/project/__init__.py",
        "hash": "3244421341483603138"
      },
      {
        "file": "scripts/git_flow/git_flow/commands/setup/__init__.py",
        "hash": "986113109101276232"
      },
      {
        "file": "scripts/git_flow/git_flow/commands/setup/config.py",
        "hash": "10137714706446138157"
      },
      {
        "file": "scripts/git_flow/git_flow/commands/setup/config_command.py",
        "hash": "3244421341483603138"
      },
      {
        "file": "scripts/git_flow/git_flow/commands/setup/init.py",
        "hash": "15089898877830603397"
      },
      {
        "file": "scripts/git_flow/git_flow/commands/tools/__init__.py",
        "hash": "3244421341483603138"
      },
      {
        "file": "scripts/git_flow/git_flow/core.py",
        "hash": "5293721163300199338"
      },
      {
        "file": "scripts/git_flow/git_flow/git_flow_config.yaml",
        "hash": "16393673643047867479"
      },
      {
        "file": "scripts/git_flow/git_flow/settings.py",
        "hash": "17086786104796110318"
      },
      {
        "file": "scripts/git_flow/setup.py",
        "hash": "17119735341810587296"
      },
      {
        "file": "tailwind-workspace-preset.js",
        "hash": "1393914230065215522"
      },
      {
        "file": "tsconfig.base.json",
        "hash": "12471885200579325840"
      }
    ],
    "projectFileMap": {
      "typescript-config": [
        {
          "file": "configs/typescript-config/app.json",
          "hash": "16835579796747434005"
        },
        {
          "file": "configs/typescript-config/base.json",
          "hash": "11503685508819385147"
        },
        {
          "file": "configs/typescript-config/package.json",
          "hash": "8769484289958847790"
        }
      ],
      "ui": [
        {
          "file": "packages/ui/.gitignore",
          "hash": "987422939859577920"
        },
        {
          "file": "packages/ui/.storybook/DocumentationTemplate.mdx",
          "hash": "8353773423597895473"
        },
        {
          "file": "packages/ui/.storybook/abc_main.js",
          "hash": "104458463859422386"
        },
        {
          "file": "packages/ui/.storybook/main.ts",
          "hash": "4353562158994074625",
          "deps": [
            "npm:@storybook/react-vite"
          ]
        },
        {
          "file": "packages/ui/.storybook/preview.ts",
          "hash": "17037099464802601868",
          "deps": [
            "npm:@storybook/react",
            "npm:@storybook/addon-themes"
          ]
        },
        {
          "file": "packages/ui/.storybook/tsconfig.json",
          "hash": "15198074250042597528"
        },
        {
          "file": "packages/ui/README.md",
          "hash": "5138255168846989031"
        },
        {
          "file": "packages/ui/components.json",
          "hash": "11708432717569313902"
        },
        {
          "file": "packages/ui/eslint.config.js",
          "hash": "14295233468073832176",
          "deps": [
            "npm:@eslint/js@9.17.0",
            "npm:globals@15.14.0",
            "npm:eslint-plugin-react-hooks",
            "npm:eslint-plugin-react-refresh",
            "npm:typescript-eslint"
          ]
        },
        {
          "file": "packages/ui/index.html",
          "hash": "3523350244501711271"
        },
        {
          "file": "packages/ui/package.json",
          "hash": "619216835959294572",
          "deps": [
            "npm:@chromatic-com/storybook",
            "npm:@eslint/js@9.17.0",
            "npm:@nx/react",
            "npm:@nx/storybook@20.3.0",
            "npm:@rollup/pluginutils",
            "npm:@storybook/addon-a11y",
            "npm:@storybook/blocks",
            "npm:@storybook/react",
            "npm:@storybook/react-vite",
            "npm:@storybook/test",
            "npm:@types/node",
            "npm:@types/react",
            "npm:@types/react-dom",
            "npm:@vitejs/plugin-react",
            "npm:autoprefixer",
            "npm:eslint",
            "npm:eslint-plugin-react-hooks",
            "npm:eslint-plugin-react-refresh",
            "npm:globals@15.14.0",
            "npm:postcss",
            "npm:rollup",
            "npm:storybook",
            "npm:tailwindcss",
            "npm:typescript",
            "npm:typescript-eslint",
            "npm:vite",
            "typescript-config",
            "tailwind-config",
            "npm:@hookform/resolvers",
            "npm:@radix-ui/react-accordion",
            "npm:@radix-ui/react-alert-dialog",
            "npm:@radix-ui/react-aspect-ratio",
            "npm:@radix-ui/react-avatar",
            "npm:@radix-ui/react-checkbox",
            "npm:@radix-ui/react-collapsible",
            "npm:@radix-ui/react-context-menu",
            "npm:@radix-ui/react-dialog",
            "npm:@radix-ui/react-dropdown-menu",
            "npm:@radix-ui/react-hover-card",
            "npm:@radix-ui/react-label",
            "npm:@radix-ui/react-menubar",
            "npm:@radix-ui/react-navigation-menu",
            "npm:@radix-ui/react-popover",
            "npm:@radix-ui/react-progress",
            "npm:@radix-ui/react-radio-group",
            "npm:@radix-ui/react-scroll-area",
            "npm:@radix-ui/react-select",
            "npm:@radix-ui/react-separator",
            "npm:@radix-ui/react-slider",
            "npm:@radix-ui/react-slot",
            "npm:@radix-ui/react-switch",
            "npm:@radix-ui/react-tabs",
            "npm:@radix-ui/react-toast",
            "npm:@radix-ui/react-toggle",
            "npm:@radix-ui/react-toggle-group",
            "npm:@radix-ui/react-tooltip",
            "npm:@storybook/addon-themes",
            "npm:class-variance-authority",
            "npm:clsx",
            "npm:cmdk",
            "npm:date-fns",
            "npm:embla-carousel-react",
            "npm:input-otp",
            "npm:lucide-react",
            "npm:next-themes",
            "npm:react",
            "npm:react-dom",
            "npm:react-day-picker",
            "npm:react-hook-form",
            "npm:react-resizable-panels",
            "npm:recharts",
            "npm:sonner",
            "npm:tailwind-merge",
            "npm:tailwindcss-animate",
            "npm:vaul",
            "npm:zod"
          ]
        },
        {
          "file": "packages/ui/postcss.config.js",
          "hash": "282477427987966324"
        },
        {
          "file": "packages/ui/public/vite.svg",
          "hash": "16046085400642193116"
        },
        {
          "file": "packages/ui/src/App.css",
          "hash": "1291942236404652493"
        },
        {
          "file": "packages/ui/src/App.stories.tsx",
          "hash": "16387895717745335055",
          "deps": [
            "npm:@storybook/react",
            "npm:@storybook/test"
          ]
        },
        {
          "file": "packages/ui/src/App.tsx",
          "hash": "3960501075707410811",
          "deps": [
            "npm:react"
          ]
        },
        {
          "file": "packages/ui/src/Changelog.mdx",
          "hash": "11095977417453169757"
        },
        {
          "file": "packages/ui/src/GettingStarted.mdx",
          "hash": "7495886974369831447"
        },
        {
          "file": "packages/ui/src/assets/react.svg",
          "hash": "16069471864800376455"
        },
        {
          "file": "packages/ui/src/components/index.tsx",
          "hash": "1845614061223283296"
        },
        {
          "file": "packages/ui/src/components/mobile/.gitkeep",
          "hash": "3244421341483603138"
        },
        {
          "file": "packages/ui/src/components/mobile/index.tsx",
          "hash": "3244421341483603138"
        },
        {
          "file": "packages/ui/src/components/ui/accordion/abs_accordion_mdx.txt",
          "hash": "1626826438761190834"
        },
        {
          "file": "packages/ui/src/components/ui/accordion/accordion.stories.tsx",
          "hash": "17737341602906368631"
        },
        {
          "file": "packages/ui/src/components/ui/accordion/accordion.tsx",
          "hash": "10289996697705272654",
          "deps": [
            "npm:react",
            "npm:@radix-ui/react-accordion",
            "npm:lucide-react"
          ]
        },
        {
          "file": "packages/ui/src/components/ui/alert-dialog/alert-dialog.tsx",
          "hash": "630712541531078337",
          "deps": [
            "npm:react",
            "npm:@radix-ui/react-alert-dialog"
          ]
        },
        {
          "file": "packages/ui/src/components/ui/alert/alert.tsx",
          "hash": "7614596959522507741",
          "deps": [
            "npm:react",
            "npm:class-variance-authority"
          ]
        },
        {
          "file": "packages/ui/src/components/ui/aspect-ratio/aspect-ratio.tsx",
          "hash": "15922044500005847788",
          "deps": [
            "npm:@radix-ui/react-aspect-ratio"
          ]
        },
        {
          "file": "packages/ui/src/components/ui/avatar/avatar.tsx",
          "hash": "7149589256798832836",
          "deps": [
            "npm:react",
            "npm:@radix-ui/react-avatar"
          ]
        },
        {
          "file": "packages/ui/src/components/ui/badge/badge.tsx",
          "hash": "18391891572411141072",
          "deps": [
            "npm:react",
            "npm:class-variance-authority"
          ]
        },
        {
          "file": "packages/ui/src/components/ui/breadcrumb/breadcrumb.tsx",
          "hash": "9721827090129047332",
          "deps": [
            "npm:react",
            "npm:@radix-ui/react-slot",
            "npm:lucide-react"
          ]
        },
        {
          "file": "packages/ui/src/components/ui/button/button.stories.tsx",
          "hash": "7564159676544615122",
          "deps": [
            "npm:lucide-react",
            "npm:@storybook/react",
            "npm:@storybook/test"
          ]
        },
        {
          "file": "packages/ui/src/components/ui/button/button.tsx",
          "hash": "918302605353438379",
          "deps": [
            "npm:react",
            "npm:@radix-ui/react-slot",
            "npm:class-variance-authority"
          ]
        },
        {
          "file": "packages/ui/src/components/ui/button/button_mdx.txt",
          "hash": "6379319645373794632"
        },
        {
          "file": "packages/ui/src/components/ui/button/index.ts",
          "hash": "4099514242301965743"
        },
        {
          "file": "packages/ui/src/components/ui/calendar/calendar.tsx",
          "hash": "17545419545947981865",
          "deps": [
            "npm:react",
            "npm:lucide-react",
            "npm:react-day-picker"
          ]
        },
        {
          "file": "packages/ui/src/components/ui/card/card.tsx",
          "hash": "9649065799727464174",
          "deps": [
            "npm:react"
          ]
        },
        {
          "file": "packages/ui/src/components/ui/card/index.ts",
          "hash": "12255011521694398358"
        },
        {
          "file": "packages/ui/src/components/ui/carousel/carousel.tsx",
          "hash": "2706247955293307204",
          "deps": [
            "npm:react",
            "npm:embla-carousel-react",
            "npm:lucide-react"
          ]
        },
        {
          "file": "packages/ui/src/components/ui/chart/chart.tsx",
          "hash": "2190917256555940097",
          "deps": [
            "npm:react",
            "npm:recharts"
          ]
        },
        {
          "file": "packages/ui/src/components/ui/checkbox/checkbox.tsx",
          "hash": "6436548776252105130",
          "deps": [
            "npm:react",
            "npm:@radix-ui/react-checkbox",
            "npm:lucide-react"
          ]
        },
        {
          "file": "packages/ui/src/components/ui/collapsible/collapsible.tsx",
          "hash": "6354792384381376493",
          "deps": [
            "npm:@radix-ui/react-collapsible"
          ]
        },
        {
          "file": "packages/ui/src/components/ui/command/command.tsx",
          "hash": "15613904539819781400",
          "deps": [
            "npm:react",
            "npm:@radix-ui/react-dialog",
            "npm:cmdk",
            "npm:lucide-react"
          ]
        },
        {
          "file": "packages/ui/src/components/ui/context-menu/context-menu.tsx",
          "hash": "12972600700996854310",
          "deps": [
            "npm:react",
            "npm:@radix-ui/react-context-menu",
            "npm:lucide-react"
          ]
        },
        {
          "file": "packages/ui/src/components/ui/dialog/dialog.tsx",
          "hash": "198731571552077698",
          "deps": [
            "npm:react",
            "npm:@radix-ui/react-dialog",
            "npm:lucide-react"
          ]
        },
        {
          "file": "packages/ui/src/components/ui/drawer/drawer.tsx",
          "hash": "5683152753357667929",
          "deps": [
            "npm:react",
            "npm:vaul"
          ]
        },
        {
          "file": "packages/ui/src/components/ui/dropdown-menu/dropdown-menu.tsx",
          "hash": "3956749908208964325",
          "deps": [
            "npm:react",
            "npm:@radix-ui/react-dropdown-menu",
            "npm:lucide-react"
          ]
        },
        {
          "file": "packages/ui/src/components/ui/form/form.tsx",
          "hash": "17496195512454986456",
          "deps": [
            "npm:react",
            "npm:@radix-ui/react-label",
            "npm:@radix-ui/react-slot",
            "npm:react-hook-form"
          ]
        },
        {
          "file": "packages/ui/src/components/ui/form/index.ts",
          "hash": "707509135243518010"
        },
        {
          "file": "packages/ui/src/components/ui/hover-card/hover-card.tsx",
          "hash": "7516769887728711504",
          "deps": [
            "npm:react",
            "npm:@radix-ui/react-hover-card"
          ]
        },
        {
          "file": "packages/ui/src/components/ui/icons/icons.tsx",
          "hash": "11587915399718830888"
        },
        {
          "file": "packages/ui/src/components/ui/index.tsx",
          "hash": "1143043418380771251"
        },
        {
          "file": "packages/ui/src/components/ui/input-otp/input-otp.tsx",
          "hash": "8587693170811198824",
          "deps": [
            "npm:react",
            "npm:input-otp",
            "npm:lucide-react"
          ]
        },
        {
          "file": "packages/ui/src/components/ui/input/index.ts",
          "hash": "2300719077670754150"
        },
        {
          "file": "packages/ui/src/components/ui/input/input.tsx",
          "hash": "5093156266344416510",
          "deps": [
            "npm:react"
          ]
        },
        {
          "file": "packages/ui/src/components/ui/label/label.tsx",
          "hash": "10341411756224748293",
          "deps": [
            "npm:react",
            "npm:@radix-ui/react-label",
            "npm:class-variance-authority"
          ]
        },
        {
          "file": "packages/ui/src/components/ui/menubar/index.ts",
          "hash": "6595634226203437062"
        },
        {
          "file": "packages/ui/src/components/ui/menubar/menubar.tsx",
          "hash": "15383287832933486911",
          "deps": [
            "npm:react",
            "npm:@radix-ui/react-menubar",
            "npm:lucide-react"
          ]
        },
        {
          "file": "packages/ui/src/components/ui/moveFiles.js",
          "hash": "13130895289004806071"
        },
        {
          "file": "packages/ui/src/components/ui/navigation-menu/navigation-menu.tsx",
          "hash": "17556548596148738644",
          "deps": [
            "npm:react",
            "npm:@radix-ui/react-navigation-menu",
            "npm:class-variance-authority",
            "npm:lucide-react"
          ]
        },
        {
          "file": "packages/ui/src/components/ui/pagination/pagination.tsx",
          "hash": "7250533546773259133",
          "deps": [
            "npm:react",
            "npm:lucide-react"
          ]
        },
        {
          "file": "packages/ui/src/components/ui/popover/popover.tsx",
          "hash": "195010229398129704",
          "deps": [
            "npm:react",
            "npm:@radix-ui/react-popover"
          ]
        },
        {
          "file": "packages/ui/src/components/ui/progress/progress.tsx",
          "hash": "16561150151081465009",
          "deps": [
            "npm:react",
            "npm:@radix-ui/react-progress"
          ]
        },
        {
          "file": "packages/ui/src/components/ui/radio-group/radio-group.tsx",
          "hash": "11177393844997046767",
          "deps": [
            "npm:react",
            "npm:@radix-ui/react-radio-group",
            "npm:lucide-react"
          ]
        },
        {
          "file": "packages/ui/src/components/ui/resizable/resizable.tsx",
          "hash": "15265600192144074159",
          "deps": [
            "npm:lucide-react",
            "npm:react-resizable-panels"
          ]
        },
        {
          "file": "packages/ui/src/components/ui/scroll-area/scroll-area.tsx",
          "hash": "14150636358518913633",
          "deps": [
            "npm:react",
            "npm:@radix-ui/react-scroll-area"
          ]
        },
        {
          "file": "packages/ui/src/components/ui/select/select.tsx",
          "hash": "2098413396404276020",
          "deps": [
            "npm:react",
            "npm:@radix-ui/react-select",
            "npm:lucide-react"
          ]
        },
        {
          "file": "packages/ui/src/components/ui/separator/separator.tsx",
          "hash": "9550896151208376368",
          "deps": [
            "npm:react",
            "npm:@radix-ui/react-separator"
          ]
        },
        {
          "file": "packages/ui/src/components/ui/sheet/sheet.tsx",
          "hash": "12885161000851269728",
          "deps": [
            "npm:react",
            "npm:@radix-ui/react-dialog",
            "npm:class-variance-authority",
            "npm:lucide-react"
          ]
        },
        {
          "file": "packages/ui/src/components/ui/sidebar/sidebar.tsx",
          "hash": "406263568478900320",
          "deps": [
            "npm:react",
            "npm:@radix-ui/react-slot",
            "npm:class-variance-authority",
            "npm:lucide-react"
          ]
        },
        {
          "file": "packages/ui/src/components/ui/skeleton/skeleton.tsx",
          "hash": "9454715321119118438"
        },
        {
          "file": "packages/ui/src/components/ui/slider/slider.tsx",
          "hash": "13661343661294444339",
          "deps": [
            "npm:react",
            "npm:@radix-ui/react-slider"
          ]
        },
        {
          "file": "packages/ui/src/components/ui/sonner/sonner.tsx",
          "hash": "2154094524467283877",
          "deps": [
            "npm:next-themes",
            "npm:sonner"
          ]
        },
        {
          "file": "packages/ui/src/components/ui/switch/switch.tsx",
          "hash": "4162730951250621561",
          "deps": [
            "npm:react",
            "npm:@radix-ui/react-switch"
          ]
        },
        {
          "file": "packages/ui/src/components/ui/table/table.tsx",
          "hash": "2667774856252132978",
          "deps": [
            "npm:react"
          ]
        },
        {
          "file": "packages/ui/src/components/ui/tabs/tabs.tsx",
          "hash": "10683704929264638339",
          "deps": [
            "npm:react",
            "npm:@radix-ui/react-tabs"
          ]
        },
        {
          "file": "packages/ui/src/components/ui/textarea/textarea.tsx",
          "hash": "1191037210481940801",
          "deps": [
            "npm:react"
          ]
        },
        {
          "file": "packages/ui/src/components/ui/toast/toast.tsx",
          "hash": "2324324722266435189",
          "deps": [
            "npm:react",
            "npm:@radix-ui/react-toast",
            "npm:class-variance-authority",
            "npm:lucide-react"
          ]
        },
        {
          "file": "packages/ui/src/components/ui/toaster/toaster.tsx",
          "hash": "17155069056074826998"
        },
        {
          "file": "packages/ui/src/components/ui/toggle-group/toggle-group.tsx",
          "hash": "6433919112523146085",
          "deps": [
            "npm:react",
            "npm:@radix-ui/react-toggle-group",
            "npm:class-variance-authority"
          ]
        },
        {
          "file": "packages/ui/src/components/ui/toggle/toggle.tsx",
          "hash": "6262962928978831617",
          "deps": [
            "npm:react",
            "npm:@radix-ui/react-toggle",
            "npm:class-variance-authority"
          ]
        },
        {
          "file": "packages/ui/src/components/ui/tooltip/tooltip.tsx",
          "hash": "5898606608937098010",
          "deps": [
            "npm:react",
            "npm:@radix-ui/react-tooltip"
          ]
        },
        {
          "file": "packages/ui/src/hooks/use-mobile.tsx",
          "hash": "10684533661506093046",
          "deps": [
            "npm:react"
          ]
        },
        {
          "file": "packages/ui/src/hooks/use-toast.ts",
          "hash": "4353408525286406236",
          "deps": [
            "npm:react"
          ]
        },
        {
          "file": "packages/ui/src/index.css",
          "hash": "4628810492668896680"
        },
        {
          "file": "packages/ui/src/index.tsx",
          "hash": "16691481078111988402"
        },
        {
          "file": "packages/ui/src/lib/utils.tsx",
          "hash": "12218829721157087250",
          "deps": [
            "npm:clsx",
            "npm:tailwind-merge"
          ]
        },
        {
          "file": "packages/ui/src/main.tsx",
          "hash": "7430400295087983993",
          "deps": [
            "npm:react",
            "npm:react-dom"
          ]
        },
        {
          "file": "packages/ui/src/vite-env.d.ts",
          "hash": "7856441258253745083"
        },
        {
          "file": "packages/ui/tailwind.config.js",
          "hash": "17349459005407609101",
          "deps": [
            "tailwind-config"
          ]
        },
        {
          "file": "packages/ui/tsconfig.app.json",
          "hash": "1122881237936128765"
        },
        {
          "file": "packages/ui/tsconfig.json",
          "hash": "8249685436315246862"
        },
        {
          "file": "packages/ui/tsconfig.node.json",
          "hash": "8423506601824974491"
        },
        {
          "file": "packages/ui/tsconfig.storybook.json",
          "hash": "9275477154437868181"
        },
        {
          "file": "packages/ui/vite.config.ts",
          "hash": "426808247741419025",
          "deps": [
            "npm:vite",
            "npm:@vitejs/plugin-react",
            "npm:tailwindcss",
            "npm:autoprefixer"
          ]
        }
      ],
      "eslint-config": [
        {
          "file": "configs/eslint-config/base.js",
          "hash": "3474662702936845909"
        },
        {
          "file": "configs/eslint-config/index.js",
          "hash": "1566503559427507098"
        },
        {
          "file": "configs/eslint-config/package.json",
          "hash": "13578990090276746494"
        },
        {
          "file": "configs/eslint-config/rules/react-native.js",
          "hash": "2241840290559968626"
        },
        {
          "file": "configs/eslint-config/rules/react.js",
          "hash": "18382552140660264041"
        },
        {
          "file": "configs/eslint-config/rules/typescript.js",
          "hash": "14505787290338460809"
        }
      ],
      "vite-config": [
        {
          "file": "configs/vite-config/package.json",
          "hash": "11552976810036914205"
        },
        {
          "file": "configs/vite-config/vite.config.js",
          "hash": "6832427371423626339",
          "deps": [
            "npm:vite"
          ]
        }
      ],
      "tailwind-config": [
        {
          "file": "configs/tailwind-config/package.json",
          "hash": "13749031272567557502"
        },
        {
          "file": "configs/tailwind-config/tailwind.config.base.js",
          "hash": "3311843556437903973",
          "deps": [
            "npm:tailwindcss-animate"
          ]
        }
      ],
      "prettier-config": [
        {
          "file": "configs/prettier-config/index.js",
          "hash": "14440069462850572127"
        },
        {
          "file": "configs/prettier-config/package.json",
          "hash": "9937659017812503872"
        }
      ]
    }
  }
}